Date,Volume_SPY,VIX,fear_and_greed
2018-01-02,86655700,9.770000457763672,63.0
2018-01-03,90070400,9.149999618530273,67.0
2018-01-04,80636400,9.220000267028809,72.0
2018-01-05,83524000,9.220000267028809,75.0
2018-01-08,57319200,9.520000457763672,75.0
2018-01-09,57254000,10.079999923706055,76.0
2018-01-10,69574300,9.819999694824219,75.0
2018-01-11,62361500,9.880000114440918,77.0
2018-01-12,90816100,10.15999984741211,79.0
2018-01-16,106555100,11.65999984741211,75.0
2018-01-17,113258800,11.90999984741211,75.0
2018-01-18,100728000,12.220000267028809,72.0
2018-01-19,140920100,11.270000457763672,80.0
2018-01-22,91322400,11.029999732971191,79.0
2018-01-23,97084700,11.100000381469727,78.0
2018-01-24,134816100,11.470000267028809,78.0
2018-01-25,84587300,11.579999923706055,77.0
2018-01-26,107743100,11.079999923706055,79.0
2018-01-29,90118300,13.84000015258789,68.0
2018-01-30,131796400,14.789999961853027,62.0
2018-01-31,108364800,13.539999961853027,61.0
2018-02-01,90102500,13.470000267028809,58.0
2018-02-02,173174800,17.309999465942383,40.0
2018-02-05,294681800,37.31999969482422,17.0
2018-02-06,355026800,29.979999542236328,18.0
2018-02-07,167376100,27.729999542236328,16.0
2018-02-08,246449500,33.459999084472656,8.0
2018-02-09,283565300,29.059999465942383,10.0
2018-02-12,143736000,25.610000610351562,12.0
2018-02-13,81223600,24.969999313354492,13.0
2018-02-14,120735700,19.260000228881836,11.0
2018-02-15,111200300,19.1299991607666,15.0
2018-02-16,160420100,19.459999084472656,18.0
2018-02-20,86369700,20.600000381469727,17.0
2018-02-21,98883700,20.020000457763672,18.0
2018-02-22,110511300,18.719999313354492,15.0
2018-02-23,92766400,16.489999771118164,18.0
2018-02-26,86491400,15.800000190734863,20.0
2018-02-27,99099200,18.59000015258789,17.0
2018-02-28,121907800,19.850000381469727,12.0
2018-03-01,176855100,22.469999313354492,8.0
2018-03-02,139083200,19.59000015258789,10.0
2018-03-05,97307400,18.729999542236328,14.0
2018-03-06,79213200,18.360000610351562,26.0
2018-03-07,87063500,17.760000228881836,20.0
2018-03-08,66901200,16.540000915527344,20.0
2018-03-09,113625300,14.640000343322754,44.0
2018-03-12,71924800,15.779999732971191,40.0
2018-03-13,91968900,16.350000381469727,36.0
2018-03-14,105895100,17.229999542236328,30.0
2018-03-15,83433000,16.59000015258789,21.0
2018-03-16,100343700,15.800000190734863,19.0
2018-03-19,109208400,19.020000457763672,14.0
2018-03-20,59757300,18.200000762939453,15.0
2018-03-21,78709600,17.860000610351562,16.0
2018-03-22,148785900,23.34000015258789,9.0
2018-03-23,183534800,24.8700008392334,7.0
2018-03-26,141956100,21.030000686645508,8.0
2018-03-27,129941400,22.5,7.0
2018-03-28,146452300,22.8700008392334,6.0
2018-03-29,111601600,19.969999313354492,8.0
2018-04-02,186286300,23.6200008392334,7.0
2018-04-03,119956900,21.100000381469727,9.0
2018-04-04,123715300,20.059999465942383,11.0
2018-04-05,82652600,18.940000534057617,13.0
2018-04-06,179521200,21.489999771118164,9.0
2018-04-09,105442900,21.770000457763672,12.0
2018-04-10,103529000,20.469999313354492,17.0
2018-04-11,91140200,20.239999771118164,17.0
2018-04-12,68890500,18.489999771118164,22.0
2018-04-13,85079200,17.40999984741211,23.0
2018-04-16,63405300,16.559999465942383,25.0
2018-04-17,64682000,15.25,28.0
2018-04-18,57303900,15.600000381469727,32.0
2018-04-19,77655900,15.960000038146973,32.0
2018-04-20,99953100,16.8799991607666,38.0
2018-04-23,65558000,16.34000015258789,40.0
2018-04-24,112885500,18.020000457763672,33.0
2018-04-25,103840900,17.84000015258789,38.0
2018-04-26,67731900,16.239999771118164,42.0
2018-04-27,57053600,15.40999984741211,40.0
2018-04-30,82182300,15.930000305175781,42.0
2018-05-01,74203400,15.489999771118164,42.0
2018-05-02,86368900,15.970000267028809,38.0
2018-05-03,136311500,15.899999618530273,32.0
2018-05-04,91222100,14.770000457763672,40.0
2018-05-07,55304900,14.75,44.0
2018-05-08,67499200,14.710000038146973,41.0
2018-05-09,59666100,13.420000076293945,49.0
2018-05-10,72063900,13.229999542236328,54.0
2018-05-11,59871500,12.649999618530273,55.0
2018-05-14,54790600,12.930000305175781,54.0
2018-05-15,87036100,14.630000114440918,52.0
2018-05-16,53942600,13.420000076293945,55.0
2018-05-17,56536400,13.430000305175781,55.0
2018-05-18,64368000,13.420000076293945,52.0
2018-05-21,58025900,13.079999923706055,56.0
2018-05-22,52966400,13.220000267028809,59.0
2018-05-23,64694200,12.579999923706055,54.0
2018-05-24,76043800,12.529999732971191,48.0
2018-05-25,56374800,13.220000267028809,44.0
2018-05-29,115908600,17.020000457763672,34.0
2018-05-30,69678400,14.9399995803833,42.0
2018-05-31,93519900,15.430000305175781,43.0
2018-06-01,71258400,13.460000038146973,52.0
2018-06-04,45385200,12.739999771118164,55.0
2018-06-05,51135000,12.399999618530273,58.0
2018-06-06,62732200,11.640000343322754,65.0
2018-06-07,72969400,12.130000114440918,62.0
2018-06-08,72139700,12.180000305175781,63.0
2018-06-11,58892500,12.350000381469727,65.0
2018-06-12,72329000,12.34000015258789,65.0
2018-06-13,79070600,12.9399995803833,63.0
2018-06-14,77097600,12.119999885559082,63.0
2018-06-15,120041600,11.979999542236328,61.0
2018-06-18,52917600,12.3100004196167,61.0
2018-06-19,97531500,13.350000381469727,53.0
2018-06-20,53785500,12.789999961853027,57.0
2018-06-21,71061400,14.640000343322754,52.0
2018-06-22,54898500,13.770000457763672,53.0
2018-06-25,137854200,17.329999923706055,42.0
2018-06-26,68547400,15.920000076293945,47.0
2018-06-27,105110700,17.90999984741211,36.0
2018-06-28,76650500,16.850000381469727,39.0
2018-06-29,97592500,16.09000015258789,34.0
2018-07-02,63554800,15.600000381469727,35.0
2018-07-03,42187100,16.139999389648438,32.0
2018-07-05,56925900,14.970000267028809,33.0
2018-07-06,66493700,13.369999885559082,40.0
2018-07-09,50550400,12.6899995803833,47.0
2018-07-10,51966800,12.640000343322754,49.0
2018-07-11,77054700,13.630000114440918,41.0
2018-07-12,60124700,12.579999923706055,49.0
2018-07-13,48216000,12.180000305175781,47.0
2018-07-16,48201000,12.829999923706055,45.0
2018-07-17,52315500,12.0600004196167,49.0
2018-07-18,44593500,12.100000381469727,56.0
2018-07-19,61412100,12.869999885559082,50.0
2018-07-20,82337700,12.859999656677246,53.0
2018-07-23,47047600,12.619999885559082,58.0
2018-07-24,68026900,12.40999984741211,64.0
2018-07-25,78882900,12.289999961853027,70.0
2018-07-26,57919500,12.140000343322754,72.0
2018-07-27,76768700,13.029999732971191,67.0
2018-07-30,63742500,14.260000228881836,64.0
2018-07-31,68570500,12.829999923706055,66.0
2018-08-01,53853300,13.149999618530273,66.0
2018-08-02,63426400,12.1899995803833,68.0
2018-08-03,53935400,11.640000343322754,71.0
2018-08-06,39400900,11.270000457763672,72.0
2018-08-07,43196600,10.930000305175781,73.0
2018-08-08,42114600,10.850000381469727,74.0
2018-08-09,35717000,11.270000457763672,70.0
2018-08-10,77076000,13.15999984741211,60.0
2018-08-13,65732900,14.779999732971191,56.0
2018-08-14,43842000,13.3100004196167,58.0
2018-08-15,102925400,14.640000343322754,46.0
2018-08-16,69967900,13.449999809265137,51.0
2018-08-17,65618500,12.640000343322754,54.0
2018-08-20,39807500,12.489999771118164,55.0
2018-08-21,67272000,12.859999656677246,61.0
2018-08-22,44993300,12.25,61.0
2018-08-23,49204900,12.40999984741211,59.0
2018-08-24,57487400,11.989999771118164,68.0
2018-08-27,57072400,12.15999984741211,77.0
2018-08-28,46943500,12.5,74.0
2018-08-29,61485500,12.25,78.0
2018-08-30,61229500,13.529999732971191,73.0
2018-08-31,66140800,12.859999656677246,71.0
2018-09-04,57594400,13.15999984741211,67.0
2018-09-05,72452400,13.90999984741211,62.0
2018-09-06,65909900,14.649999618530273,53.0
2018-09-07,73524800,14.880000114440918,52.0
2018-09-10,50210900,14.15999984741211,56.0
2018-09-11,50530500,13.220000267028809,59.0
2018-09-12,59810800,13.140000343322754,59.0
2018-09-13,51034200,12.369999885559082,72.0
2018-09-14,55079900,12.069999694824219,73.0
2018-09-17,68244000,13.680000305175781,67.0
2018-09-18,61930400,12.789999961853027,73.0
2018-09-19,49080600,11.75,71.0
2018-09-20,100360600,11.800000190734863,74.0
2018-09-21,105479700,11.680000305175781,75.0
2018-09-24,53409600,12.199999809265137,70.0
2018-09-25,44370000,12.420000076293945,64.0
2018-09-26,79739700,12.890000343322754,53.0
2018-09-27,59249500,12.40999984741211,48.0
2018-09-28,70091400,12.119999885559082,47.0
2018-10-01,62078900,12.0,49.0
2018-10-02,47258200,12.050000190734863,45.0
2018-10-03,64694600,11.609999656677246,51.0
2018-10-04,111545900,14.220000267028809,43.0
2018-10-05,105951700,14.819999694824219,33.0
2018-10-08,87742200,15.6899995803833,28.0
2018-10-09,74339000,15.949999809265137,23.0
2018-10-10,214731000,22.959999084472656,8.0
2018-10-11,274840500,24.979999542236328,5.0
2018-10-12,183186500,21.309999465942383,11.0
2018-10-15,102263700,21.299999237060547,11.0
2018-10-16,118255800,17.6200008392334,13.0
2018-10-17,110626000,17.399999618530273,14.0
2018-10-18,134557500,20.059999465942383,12.0
2018-10-19,139901600,19.889999389648438,14.0
2018-10-22,82415800,19.639999389648438,16.0
2018-10-23,146352700,20.709999084472656,12.0
2018-10-24,177806700,25.229999542236328,6.0
2018-10-25,138061500,24.219999313354492,9.0
2018-10-26,201574600,24.15999984741211,7.0
2018-10-29,160749100,24.700000762939453,7.0
2018-10-30,157116000,23.350000381469727,10.0
2018-10-31,128296300,21.229999542236328,7.0
2018-11-01,99495000,19.34000015258789,6.0
2018-11-02,122634100,19.510000228881836,8.0
2018-11-05,65622500,19.959999084472656,9.0
2018-11-06,60085900,19.90999984741211,12.0
2018-11-07,102752100,16.360000610351562,25.0
2018-11-08,65584900,16.719999313354492,29.0
2018-11-09,98812600,17.360000610351562,18.0
2018-11-12,99673600,20.450000762939453,11.0
2018-11-13,98176600,20.020000457763672,10.0
2018-11-14,125335900,21.25,7.0
2018-11-15,135101400,19.979999542236328,10.0
2018-11-16,126668000,18.139999389648438,10.0
2018-11-19,103061700,20.100000381469727,8.0
2018-11-20,136021300,22.479999542236328,7.0
2018-11-21,75563700,20.799999237060547,13.0
2018-11-23,42807900,21.520000457763672,9.0
2018-11-26,79981400,18.899999618530273,17.0
2018-11-27,75502400,19.020000457763672,19.0
2018-11-28,127629600,18.489999771118164,23.0
2018-11-29,82346400,18.790000915527344,23.0
2018-11-30,98204200,18.06999969482422,22.0
2018-12-03,103176300,16.440000534057617,32.0
2018-12-04,177986000,20.739999771118164,20.0
2018-12-06,204185400,21.190000534057617,15.0
2018-12-07,161018900,23.229999542236328,11.0
2018-12-10,151445900,22.639999389648438,9.0
2018-12-11,121504400,21.760000228881836,8.0
2018-12-12,97976700,21.459999084472656,10.0
2018-12-13,96662700,20.649999618530273,11.0
2018-12-14,116961100,21.6299991607666,8.0
2018-12-17,165492300,24.520000457763672,10.0
2018-12-18,134515100,25.579999923706055,8.0
2018-12-19,214992800,25.579999923706055,8.0
2018-12-20,252053400,28.3799991607666,5.0
2018-12-21,255345600,30.110000610351562,3.0
2018-12-24,147311600,36.06999969482422,2.0
2018-12-26,218485400,30.40999984741211,4.0
2018-12-27,186267300,29.959999084472656,8.0
2018-12-28,153100200,28.34000015258789,12.0
2018-12-31,144299400,25.420000076293945,12.0
2019-01-02,126925200,23.219999313354492,12.0
2019-01-03,144140700,25.450000762939453,10.0
2019-01-04,142628800,21.3799991607666,16.0
2019-01-07,103139100,21.399999618530273,19.0
2019-01-08,102512600,20.469999313354492,24.0
2019-01-09,95006600,19.979999542236328,27.0
2019-01-10,96823900,19.5,31.0
2019-01-11,73858100,18.190000534057617,30.0
2019-01-14,70908200,19.06999969482422,28.0
2019-01-15,85208300,18.600000381469727,31.0
2019-01-16,77636700,19.040000915527344,38.0
2019-01-17,96118400,18.059999465942383,44.0
2019-01-18,127900300,17.799999237060547,51.0
2019-01-22,115531200,20.799999237060547,51.0
2019-01-23,86030300,19.520000457763672,55.0
2019-01-24,59204100,18.889999389648438,58.0
2019-01-25,96883400,17.420000076293945,58.0
2019-01-28,85613700,18.8700008392334,55.0
2019-01-29,66136300,19.1299991607666,55.0
2019-01-30,92473700,17.65999984741211,58.0
2019-01-31,104012100,16.56999969482422,60.0
2019-02-01,85782500,16.139999389648438,61.0
2019-02-04,60744800,15.729999542236328,64.0
2019-02-05,79552800,15.569999694824219,64.0
2019-02-06,58347800,15.380000114440918,65.0
2019-02-07,95482000,16.3700008392334,62.0
2019-02-08,75788900,15.720000267028809,61.0
2019-02-11,68021400,15.970000267028809,62.0
2019-02-12,72270200,15.430000305175781,67.0
2019-02-13,65277200,15.649999618530273,67.0
2019-02-14,83234400,16.219999313354492,65.0
2019-02-15,97088700,14.90999984741211,70.0
2019-02-19,59120800,14.880000114440918,68.0
2019-02-20,76610800,14.020000457763672,70.0
2019-02-21,64214700,14.460000038146973,68.0
2019-02-22,78114600,13.510000228881836,69.0
2019-02-25,69030700,14.850000381469727,70.0
2019-02-26,56844100,15.170000076293945,70.0
2019-02-27,56921600,14.699999809265137,72.0
2019-02-28,69268300,14.779999732971191,72.0
2019-03-01,78880500,13.569999694824219,72.0
2019-03-04,106494600,14.630000114440918,66.0
2019-03-05,59114600,14.739999771118164,66.0
2019-03-06,75039800,15.739999771118164,63.0
2019-03-07,94885100,16.59000015258789,59.0
2019-03-08,85795800,16.049999237060547,55.0
2019-03-11,65098900,14.329999923706055,59.0
2019-03-12,79667500,13.770000457763672,58.0
2019-03-13,80639200,13.40999984741211,60.0
2019-03-14,67518400,13.5,60.0
2019-03-15,81309000,12.880000114440918,65.0
2019-03-18,62199800,13.100000381469727,65.0
2019-03-19,90268100,13.5600004196167,67.0
2019-03-20,84609200,13.90999984741211,62.0
2019-03-21,79550400,13.630000114440918,68.0
2019-03-22,122659300,16.479999542236328,59.0
2019-03-25,85575200,16.329999923706055,56.0
2019-03-26,68125900,14.680000305175781,54.0
2019-03-27,72224700,15.149999618530273,51.0
2019-03-28,56238500,14.430000305175781,48.0
2019-03-29,82186800,13.710000038146973,49.0
2019-04-01,77617900,13.399999618530273,54.0
2019-04-02,40070400,13.359999656677246,56.0
2019-04-03,68243200,13.739999771118164,62.0
2019-04-04,48997500,13.579999923706055,70.0
2019-04-05,58621700,12.819999694824219,74.0
2019-04-08,53566300,13.180000305175781,74.0
2019-04-09,66142300,14.279999732971191,70.0
2019-04-10,52601500,13.300000190734863,69.0
2019-04-11,55093100,13.020000457763672,68.0
2019-04-12,69727800,12.010000228881836,74.0
2019-04-15,49596700,12.319999694824219,68.0
2019-04-16,52153200,12.180000305175781,70.0
2019-04-17,58268300,12.600000381469727,71.0
2019-04-18,68708500,12.09000015258789,70.0
2019-04-22,40160100,12.420000076293945,71.0
2019-04-23,52246600,12.279999732971191,75.0
2019-04-24,50392900,13.140000343322754,70.0
2019-04-25,57770900,13.25,71.0
2019-04-26,50916400,12.729999542236328,72.0
2019-04-29,57197700,13.109999656677246,71.0
2019-04-30,81111700,13.119999885559082,66.0
2019-05-01,71671900,14.800000190734863,62.0
2019-05-02,65030200,14.420000076293945,59.0
2019-05-03,56543700,12.869999885559082,60.0
2019-05-06,107198100,15.4399995803833,55.0
2019-05-07,144729900,19.31999969482422,40.0
2019-05-08,91568300,19.399999618530273,42.0
2019-05-09,103471100,19.100000381469727,40.0
2019-05-10,112429300,16.040000915527344,44.0
2019-05-13,127290500,20.549999237060547,32.0
2019-05-14,77003200,18.059999465942383,35.0
2019-05-15,73956400,16.440000534057617,35.0
2019-05-16,76749600,15.289999961853027,39.0
2019-05-17,100353000,15.960000038146973,36.0
2019-05-20,62877600,16.309999465942383,34.0
2019-05-21,46847100,14.949999809265137,34.0
2019-05-22,49482500,14.75,32.0
2019-05-23,98733800,16.920000076293945,28.0
2019-05-24,55268100,15.850000381469727,27.0
2019-05-28,70029400,17.5,25.0
2019-05-29,104972900,17.899999618530273,23.0
2019-05-30,62523800,17.299999237060547,24.0
2019-05-31,86862800,18.709999084472656,24.0
2019-06-03,96428000,18.860000610351562,23.0
2019-06-04,77231900,16.969999313354492,26.0
2019-06-05,71169700,16.09000015258789,29.0
2019-06-06,69430400,15.930000305175781,29.0
2019-06-07,74272200,16.299999237060547,32.0
2019-06-10,60799100,15.9399995803833,37.0
2019-06-11,58641300,15.989999771118164,36.0
2019-06-12,47096300,15.90999984741211,34.0
2019-06-13,48945200,15.819999694824219,39.0
2019-06-14,52324700,15.279999732971191,38.0
2019-06-17,39205700,15.350000381469727,37.0
2019-06-18,85434800,15.149999618530273,44.0
2019-06-19,78674400,14.329999923706055,42.0
2019-06-20,116570000,14.75,45.0
2019-06-21,83309500,15.399999618530273,50.0
2019-06-24,47582700,15.260000228881836,50.0
2019-06-25,82028700,16.280000686645508,44.0
2019-06-26,51584900,16.209999084472656,48.0
2019-06-27,40355200,15.819999694824219,47.0
2019-06-28,59350900,15.079999923706055,50.0
2019-07-01,78705600,14.0600004196167,55.0
2019-07-02,61504500,12.930000305175781,56.0
2019-07-03,40898900,12.569999694824219,63.0
2019-07-05,51677300,13.279999732971191,61.0
2019-07-08,45841800,13.960000038146973,59.0
2019-07-09,41101300,14.09000015258789,56.0
2019-07-10,58448500,13.029999732971191,58.0
2019-07-11,50826100,12.930000305175781,62.0
2019-07-12,40326000,12.390000343322754,64.0
2019-07-15,33900000,12.680000305175781,57.0
2019-07-16,36650100,12.859999656677246,55.0
2019-07-17,36036300,13.970000267028809,47.0
2019-07-18,51392600,13.529999732971191,47.0
2019-07-19,58678600,14.449999809265137,44.0
2019-07-22,43638100,13.529999732971191,44.0
2019-07-23,44564500,12.609999656677246,50.0
2019-07-24,47213200,12.069999694824219,57.0
2019-07-25,55394100,12.739999771118164,55.0
2019-07-26,45084100,12.15999984741211,60.0
2019-07-29,38126500,12.829999923706055,58.0
2019-07-30,45849000,13.9399995803833,53.0
2019-07-31,104245200,16.1200008392334,48.0
2019-08-01,142646600,17.8700008392334,43.0
2019-08-02,116749700,17.610000610351562,36.0
2019-08-05,178745400,24.59000015258789,22.0
2019-08-06,120711700,20.170000076293945,27.0
2019-08-07,140572300,19.489999771118164,25.0
2019-08-08,87713900,16.90999984741211,25.0
2019-08-09,93730000,17.969999313354492,25.0
2019-08-12,65527600,21.09000015258789,23.0
2019-08-13,94299800,17.520000457763672,27.0
2019-08-14,135622100,22.100000381469727,21.0
2019-08-15,99556600,21.18000030517578,19.0
2019-08-16,83018300,18.469999313354492,20.0
2019-08-19,53571800,16.8799991607666,26.0
2019-08-20,51596400,17.5,23.0
2019-08-21,49524700,15.800000190734863,25.0
2019-08-22,51666400,16.68000030517578,25.0
2019-08-23,149161500,19.8700008392334,18.0
2019-08-26,72423800,19.31999969482422,19.0
2019-08-27,66668900,20.309999465942383,16.0
2019-08-28,59696700,19.350000381469727,18.0
2019-08-29,57899400,17.8799991607666,26.0
2019-08-30,62901200,18.979999542236328,23.0
2019-09-03,69101400,19.65999984741211,25.0
2019-09-04,46887300,17.329999923706055,28.0
2019-09-05,83258100,16.270000457763672,39.0
2019-09-06,49584300,15.0,35.0
2019-09-09,51260300,15.270000457763672,45.0
2019-09-10,57947100,15.199999809265137,55.0
2019-09-11,68821100,14.609999656677246,57.0
2019-09-12,72908700,14.220000267028809,65.0
2019-09-13,62104800,13.739999771118164,68.0
2019-09-16,58191200,14.670000076293945,67.0
2019-09-17,41475500,14.4399995803833,66.0
2019-09-18,73375800,13.949999809265137,66.0
2019-09-19,76560500,14.050000190734863,63.0
2019-09-20,89565000,15.319999694824219,58.0
2019-09-23,43476800,14.90999984741211,59.0
2019-09-24,94869400,17.049999237060547,54.0
2019-09-25,71854000,15.960000038146973,59.0
2019-09-26,56179700,16.06999969482422,57.0
2019-09-27,84746600,17.219999313354492,52.0
2019-09-30,51662400,16.239999771118164,54.0
2019-10-01,88242400,18.559999465942383,48.0
2019-10-02,122539500,20.559999465942383,34.0
2019-10-03,85278800,19.1200008392334,29.0
2019-10-04,65091200,17.040000915527344,32.0
2019-10-07,59610500,17.860000610351562,30.0
2019-10-08,95708100,20.280000686645508,29.0
2019-10-09,62359400,18.639999389648438,30.0
2019-10-10,55296300,17.56999969482422,36.0
2019-10-11,98720400,15.579999923706055,42.0
2019-10-14,40394800,14.569999694824219,42.0
2019-10-15,46754500,13.539999961853027,42.0
2019-10-16,48928200,13.680000305175781,47.0
2019-10-17,45736600,13.789999961853027,50.0
2019-10-18,64304000,14.25,50.0
2019-10-21,39048600,14.0,56.0
2019-10-22,48594700,14.460000038146973,59.0
2019-10-23,34352200,14.010000228881836,55.0
2019-10-24,35453100,13.710000038146973,57.0
2019-10-25,45205400,12.649999618530273,62.0
2019-10-28,42147000,13.109999656677246,67.0
2019-10-29,44284900,13.199999809265137,71.0
2019-10-30,49643900,12.329999923706055,75.0
2019-10-31,69053800,13.220000267028809,72.0
2019-11-01,71141500,12.300000190734863,80.0
2019-11-04,60606900,12.829999923706055,86.0
2019-11-05,42933200,13.100000381469727,89.0
2019-11-06,46487100,12.619999885559082,88.0
2019-11-07,54272300,12.729999542236328,91.0
2019-11-08,49032100,12.069999694824219,91.0
2019-11-11,35797300,12.6899995803833,89.0
2019-11-12,46484600,12.680000305175781,88.0
2019-11-13,53917700,13.0,87.0
2019-11-14,51219900,13.050000190734863,83.0
2019-11-15,62023600,12.050000190734863,87.0
2019-11-18,49228000,12.460000038146973,83.0
2019-11-19,67804700,12.859999656677246,80.0
2019-11-20,79406200,12.779999732971191,74.0
2019-11-21,54664700,13.130000114440918,70.0
2019-11-22,44850200,12.34000015258789,69.0
2019-11-25,48647200,11.869999885559082,70.0
2019-11-26,37569000,11.539999961853027,69.0
2019-11-27,44444600,11.75,78.0
2019-11-29,36592700,12.619999885559082,78.0
2019-12-02,75767800,14.90999984741211,74.0
2019-12-03,73941700,15.960000038146973,63.0
2019-12-04,49080000,14.800000190734863,67.0
2019-12-05,40709000,14.520000457763672,67.0
2019-12-06,48927000,13.619999885559082,70.0
2019-12-09,34838500,15.859999656677246,68.0
2019-12-10,52649800,15.680000305175781,65.0
2019-12-11,53429100,14.989999771118164,61.0
2019-12-12,96389600,13.9399995803833,74.0
2019-12-13,81503900,12.630000114440918,75.0
2019-12-16,82749700,12.140000343322754,82.0
2019-12-17,61097700,12.289999961853027,85.0
2019-12-18,48133000,12.579999923706055,87.0
2019-12-19,85310500,12.5,90.0
2019-12-20,147142100,12.510000228881836,91.0
2019-12-23,52990000,12.609999656677246,92.0
2019-12-24,20270000,12.670000076293945,91.0
2019-12-26,30911200,12.649999618530273,93.0
2019-12-27,42528800,13.430000305175781,91.0
2019-12-30,49729100,14.819999694824219,90.0
2019-12-31,57077300,13.779999732971191,93.0
2020-01-02,59151200,12.470000267028809,97.0
2020-01-03,77709700,14.020000457763672,93.0
2020-01-06,55653900,13.850000381469727,93.0
2020-01-07,40496400,13.789999961853027,89.0
2020-01-08,68296000,13.449999809265137,92.0
2020-01-09,48473300,12.539999961853027,93.0
2020-01-10,53029300,12.5600004196167,91.0
2020-01-13,47086800,12.319999694824219,90.0
2020-01-14,62832800,12.390000343322754,90.0
2020-01-15,72056600,12.420000076293945,86.0
2020-01-16,54050300,12.319999694824219,89.0
2020-01-17,95846000,12.100000381469727,89.0
2020-01-21,77742400,12.850000381469727,81.0
2020-01-22,48914900,12.90999984741211,74.0
2020-01-23,51963000,12.979999542236328,68.0
2020-01-24,87578400,14.5600004196167,62.0
2020-01-27,84062500,18.229999542236328,47.0
2020-01-28,63834000,16.280000686645508,53.0
2020-01-29,53888900,16.389999389648438,52.0
2020-01-30,75491800,15.489999771118164,56.0
2020-01-31,113845600,18.84000015258789,44.0
2020-02-03,69083000,17.969999313354492,46.0
2020-02-04,62573200,16.049999237060547,55.0
2020-02-05,65951100,15.149999618530273,60.0
2020-02-06,50359700,14.960000038146973,63.0
2020-02-07,64139400,15.470000267028809,57.0
2020-02-10,42070000,15.039999961853027,57.0
2020-02-11,54864500,15.180000305175781,56.0
2020-02-12,43992700,13.739999771118164,60.0
2020-02-13,54501900,14.149999618530273,58.0
2020-02-14,64582200,13.680000305175781,55.0
2020-02-18,57226200,14.829999923706055,51.0
2020-02-19,48814700,14.380000114440918,53.0
2020-02-20,74163400,15.5600004196167,49.0
2020-02-21,113788200,17.079999923706055,44.0
2020-02-24,161088400,25.030000686645508,29.0
2020-02-25,218913200,27.850000381469727,22.0
2020-02-26,194773800,27.559999465942383,21.0
2020-02-27,284353500,39.15999984741211,13.0
2020-02-28,384975800,40.11000061035156,10.0
2020-03-02,238703600,33.41999816894531,12.0
2020-03-03,300139100,36.81999969482422,10.0
2020-03-04,176613400,31.989999771118164,15.0
2020-03-05,186366800,39.619998931884766,9.0
2020-03-06,228667200,41.939998626708984,6.0
2020-03-09,309417300,54.459999084472656,3.0
2020-03-10,276444100,47.29999923706055,6.0
2020-03-11,255316300,53.900001525878906,4.0
2020-03-12,392220700,75.47000122070312,2.0
2020-03-13,329566100,57.83000183105469,5.0
2020-03-16,297240000,82.69000244140625,3.0
2020-03-17,262070500,75.91000366210938,5.0
2020-03-18,327597100,76.44999694824219,5.0
2020-03-19,289322000,72.0,7.0
2020-03-20,347158800,66.04000091552734,8.0
2020-03-23,326025200,61.59000015258789,5.0
2020-03-24,235494500,61.66999816894531,13.0
2020-03-25,299430300,63.95000076293945,17.0
2020-03-26,257632800,61.0,22.0
2020-03-27,224341200,65.54000091552734,23.0
2020-03-30,171369500,57.08000183105469,25.0
2020-03-31,194881100,53.540000915527344,25.0
2020-04-01,189554600,57.060001373291016,22.0
2020-04-02,177660400,50.90999984741211,22.0
2020-04-03,135561200,46.79999923706055,22.0
2020-04-06,188061200,45.2400016784668,32.0
2020-04-07,201427200,46.70000076293945,26.0
2020-04-08,153774500,43.349998474121094,33.0
2020-04-09,189999200,41.66999816894531,43.0
2020-04-13,114839100,41.16999816894531,36.0
2020-04-14,134143400,37.7599983215332,45.0
2020-04-15,121775000,40.84000015258789,41.0
2020-04-16,131798300,40.11000061035156,42.0
2020-04-17,146684800,38.150001525878906,44.0
2020-04-20,100109300,43.83000183105469,41.0
2020-04-21,126385700,45.40999984741211,40.0
2020-04-22,92951600,41.97999954223633,41.0
2020-04-23,104709700,41.380001068115234,40.0
2020-04-24,85063200,35.93000030517578,39.0
2020-04-27,77896600,33.290000915527344,43.0
2020-04-28,105270000,33.56999969482422,41.0
2020-04-29,118745600,31.229999542236328,46.0
2020-04-30,122901700,34.150001525878906,47.0
2020-05-01,125180000,37.189998626708984,42.0
2020-05-04,80873200,35.970001220703125,44.0
2020-05-05,79569900,33.61000061035156,44.0
2020-05-06,73632600,34.119998931884766,40.0
2020-05-07,75250400,31.440000534057617,41.0
2020-05-08,76452400,27.979999542236328,45.0
2020-05-11,79514200,27.56999969482422,44.0
2020-05-12,95870800,33.040000915527344,38.0
2020-05-13,144721100,35.279998779296875,38.0
2020-05-14,121977900,32.61000061035156,39.0
2020-05-15,111146300,31.889999389648438,39.0
2020-05-18,119703800,29.299999237060547,49.0
2020-05-19,95189300,30.530000686645508,47.0
2020-05-20,85861700,27.989999771118164,53.0
2020-05-21,78293900,29.530000686645508,52.0
2020-05-22,63958200,28.15999984741211,50.0
2020-05-26,88951400,28.010000228881836,51.0
2020-05-27,104817400,27.6200008392334,54.0
2020-05-28,90405200,28.59000015258789,50.0
2020-05-29,119090800,27.510000228881836,52.0
2020-06-01,55758300,28.229999542236328,58.0
2020-06-02,74267200,26.84000015258789,58.0
2020-06-03,92567600,25.65999984741211,61.0
2020-06-04,75794400,25.809999465942383,62.0
2020-06-05,150524700,24.520000457763672,66.0
2020-06-08,73641200,25.809999465942383,66.0
2020-06-09,77479200,27.56999969482422,66.0
2020-06-10,95000800,27.56999969482422,66.0
2020-06-11,209243600,40.790000915527344,66.0
2020-06-12,194678900,36.09000015258789,66.0
2020-06-15,135782700,34.400001525878906,66.0
2020-06-16,137627500,33.66999816894531,66.0
2020-06-17,83398900,33.470001220703125,66.0
2020-06-18,80828700,32.939998626708984,66.0
2020-06-19,135549600,35.119998931884766,66.0
2020-06-22,74649400,31.770000457763672,66.0
2020-06-23,68471200,31.3700008392334,66.0
2020-06-24,132813500,33.84000015258789,66.0
2020-06-25,89468000,32.220001220703125,66.0
2020-06-26,127961000,34.72999954223633,66.0
2020-06-29,79773300,31.780000686645508,66.0
2020-06-30,113394800,30.43000030517578,66.0
2020-07-01,72396500,28.6200008392334,66.0
2020-07-02,69344200,27.68000030517578,66.0
2020-07-06,61713800,27.940000534057617,66.0
2020-07-07,82910000,29.43000030517578,66.0
2020-07-08,54638600,28.079999923706055,66.0
2020-07-09,83354200,29.260000228881836,53.0
2020-07-10,57550400,27.290000915527344,59.0
2020-07-13,102997500,32.189998626708984,53.0
2020-07-14,93657000,29.520000457763672,62.0
2020-07-15,87196500,27.760000228881836,63.0
2020-07-16,54622500,28.0,62.0
2020-07-17,62774900,25.68000030517578,63.0
2020-07-20,56308800,24.459999084472656,66.0
2020-07-21,57292200,24.84000015258789,65.0
2020-07-22,57792900,24.31999969482422,65.0
2020-07-23,75738000,26.079999923706055,68.0
2020-07-24,73766600,25.84000015258789,63.0
2020-07-27,48293000,24.739999771118164,66.0
2020-07-28,57495000,25.440000534057617,62.0
2020-07-29,48454200,24.100000381469727,65.0
2020-07-30,61861700,24.760000228881836,61.0
2020-07-31,84986800,24.459999084472656,65.0
2020-08-03,53077900,24.280000686645508,67.0
2020-08-04,41917900,23.760000228881836,68.0
2020-08-05,42697700,22.989999771118164,70.0
2020-08-06,43679400,22.649999618530273,74.0
2020-08-07,57308300,22.209999084472656,72.0
2020-08-10,44282100,22.1299991607666,75.0
2020-08-11,69601100,24.030000686645508,71.0
2020-08-12,53774400,22.280000686645508,74.0
2020-08-13,41816100,22.1299991607666,72.0
2020-08-14,47260400,22.049999237060547,72.0
2020-08-17,35481000,21.350000381469727,71.0
2020-08-18,38733900,21.510000228881836,70.0
2020-08-19,68054200,22.540000915527344,68.0
2020-08-20,42207800,22.719999313354492,70.0
2020-08-21,55106600,22.540000915527344,70.0
2020-08-24,48588700,22.3700008392334,73.0
2020-08-25,38463400,22.030000686645508,74.0
2020-08-26,50790200,23.270000457763672,75.0
2020-08-27,58034100,24.469999313354492,76.0
2020-08-28,48588900,22.959999084472656,78.0
2020-08-31,66099200,26.40999984741211,74.0
2020-09-01,54908700,26.1200008392334,77.0
2020-09-02,69540000,26.56999969482422,78.0
2020-09-03,148011100,33.599998474121094,58.0
2020-09-04,139156300,30.75,59.0
2020-09-08,114465300,31.459999084472656,54.0
2020-09-09,91462300,28.809999465942383,66.0
2020-09-10,90569500,29.709999084472656,59.0
2020-09-11,84680200,26.8700008392334,58.0
2020-09-14,65605700,25.850000381469727,59.0
2020-09-15,52920900,25.59000015258789,59.0
2020-09-16,82096000,26.040000915527344,56.0
2020-09-17,91523300,26.459999084472656,53.0
2020-09-18,105877900,25.829999923706055,52.0
2020-09-21,99450800,27.780000686645508,51.0
2020-09-22,63612100,26.860000610351562,52.0
2020-09-23,93112200,28.579999923706055,46.0
2020-09-24,76681300,28.510000228881836,48.0
2020-09-25,71069400,26.3799991607666,49.0
2020-09-28,64584600,26.190000534057617,50.0
2020-09-29,51304000,26.270000457763672,44.0
2020-09-30,104081100,26.3700008392334,45.0
2020-10-01,88698700,26.700000762939453,41.0
2020-10-02,89431100,27.6299991607666,40.0
2020-10-05,45713100,27.959999084472656,45.0
2020-10-06,90128900,29.479999542236328,44.0
2020-10-07,56999600,28.059999465942383,51.0
2020-10-08,45242500,26.360000610351562,53.0
2020-10-09,59528600,25.0,55.0
2020-10-12,80388500,25.06999969482422,60.0
2020-10-13,73255500,26.06999969482422,56.0
2020-10-14,57727900,26.399999618530273,55.0
2020-10-15,60357700,26.969999313354492,59.0
2020-10-16,89501900,27.40999984741211,62.0
2020-10-19,68425600,29.18000030517578,59.0
2020-10-20,60051900,29.350000381469727,58.0
2020-10-21,63575000,28.649999618530273,63.0
2020-10-22,55399300,28.110000610351562,69.0
2020-10-23,49143900,27.549999237060547,67.0
2020-10-26,91473000,32.459999084472656,44.0
2020-10-27,65994100,33.349998474121094,47.0
2020-10-28,127094300,40.279998779296875,33.0
2020-10-29,90597700,37.59000015258789,33.0
2020-10-30,120287300,38.02000045776367,29.0
2020-11-02,86068300,37.130001068115234,25.0
2020-11-03,93294200,35.54999923706055,32.0
2020-11-04,126959700,29.56999969482422,36.0
2020-11-05,82039700,27.579999923706055,41.0
2020-11-06,74973000,24.860000610351562,40.0
2020-11-09,172304200,25.75,54.0
2020-11-10,85552000,24.799999237060547,58.0
2020-11-11,58649000,23.450000762939453,66.0
2020-11-12,67546200,25.350000381469727,55.0
2020-11-13,62892200,23.100000381469727,59.0
2020-11-16,74541100,22.450000762939453,71.0
2020-11-17,66111000,22.709999084472656,67.0
2020-11-18,70591300,23.84000015258789,63.0
2020-11-19,59940900,23.110000610351562,64.0
2020-11-20,70417300,23.700000762939453,62.0
2020-11-23,63230600,22.65999984741211,75.0
2020-11-24,62415900,21.639999389648438,88.0
2020-11-25,45330900,21.25,91.0
2020-11-27,28514100,20.84000015258789,92.0
2020-11-30,83872700,20.56999969482422,88.0
2020-12-01,74231400,20.770000457763672,85.0
2020-12-02,45927000,21.170000076293945,87.0
2020-12-03,62882000,21.280000686645508,85.0
2020-12-04,50749900,20.790000915527344,89.0
2020-12-07,48944300,21.299999237060547,88.0
2020-12-08,42458900,20.68000030517578,82.0
2020-12-09,74098300,22.270000457763672,80.0
2020-12-10,57735400,22.520000457763672,77.0
2020-12-11,57698600,23.309999465942383,76.0
2020-12-14,69216200,24.719999313354492,69.0
2020-12-15,63865300,22.889999389648438,69.0
2020-12-16,58420500,22.5,69.0
2020-12-17,64119500,21.93000030517578,71.0
2020-12-18,136542300,21.56999969482422,63.0
2020-12-21,96386700,25.15999984741211,63.0
2020-12-22,47949000,24.229999542236328,59.0
2020-12-23,46201400,23.309999465942383,57.0
2020-12-24,26457900,21.530000686645508,54.0
2020-12-28,39000400,21.700000762939453,54.0
2020-12-29,53680500,23.079999923706055,52.0
2020-12-30,49455300,22.770000457763672,50.0
2020-12-31,78520700,22.75,51.0
2021-01-04,110210800,26.969999313354492,52.0
2021-01-05,66426200,25.34000015258789,53.0
2021-01-06,107997700,25.06999969482422,59.0
2021-01-07,68766800,22.3700008392334,66.0
2021-01-08,71677200,21.559999465942383,71.0
2021-01-11,51034700,24.079999923706055,65.0
2021-01-12,52547700,23.329999923706055,69.0
2021-01-13,45303600,22.209999084472656,70.0
2021-01-14,49989100,23.25,67.0
2021-01-15,107160000,24.34000015258789,60.0
2021-01-19,51233300,23.239999771118164,61.0
2021-01-20,61836100,21.579999923706055,69.0
2021-01-21,47840100,21.31999969482422,63.0
2021-01-22,52860500,21.90999984741211,69.0
2021-01-25,70402000,23.190000534057617,66.0
2021-01-26,42665300,23.020000457763672,62.0
2021-01-27,123351100,37.209999084472656,40.0
2021-01-28,94198100,30.209999084472656,45.0
2021-01-29,126765100,33.09000015258789,38.0
2021-02-01,75817600,30.239999771118164,39.0
2021-02-02,64450700,25.559999465942383,58.0
2021-02-03,52427100,22.90999984741211,50.0
2021-02-04,47142600,21.770000457763672,60.0
2021-02-05,48669800,20.8700008392334,60.0
2021-02-08,38365200,21.239999771118164,56.0
2021-02-09,35551100,21.6299991607666,65.0
2021-02-10,59154400,21.989999771118164,63.0
2021-02-11,42913300,21.25,66.0
2021-02-12,50593300,19.969999313354492,73.0
2021-02-16,50972400,21.459999084472656,71.0
2021-02-17,52290600,21.5,66.0
2021-02-18,59712800,22.489999771118164,59.0
2021-02-19,83241000,22.049999237060547,59.0
2021-02-22,67414200,23.450000762939453,58.0
2021-02-23,107284100,23.110000610351562,57.0
2021-02-24,72433900,21.34000015258789,63.0
2021-02-25,146670500,28.889999389648438,58.0
2021-02-26,152701600,27.950000762939453,48.0
2021-03-01,105348800,23.350000381469727,58.0
2021-03-02,79595300,24.100000381469727,50.0
2021-03-03,119940200,26.670000076293945,43.0
2021-03-04,183433000,28.56999969482422,37.0
2021-03-05,152039600,24.65999984741211,41.0
2021-03-08,123149200,25.469999313354492,39.0
2021-03-09,113633600,24.030000686645508,43.0
2021-03-10,109899400,22.559999465942383,45.0
2021-03-11,86245000,21.90999984741211,50.0
2021-03-12,64653600,20.690000534057617,53.0
2021-03-15,73427200,20.030000686645508,56.0
2021-03-16,73722500,19.790000915527344,54.0
2021-03-17,97959300,19.229999542236328,57.0
2021-03-18,115349100,21.579999923706055,52.0
2021-03-19,113624500,20.950000762939453,50.0
2021-03-22,73778600,18.8799991607666,50.0
2021-03-23,90686600,20.299999237060547,41.0
2021-03-24,97588600,21.200000762939453,37.0
2021-03-25,116128600,19.809999465942383,37.0
2021-03-26,114409100,18.860000610351562,37.0
2021-03-29,108107600,20.739999771118164,39.0
2021-03-30,76262200,19.610000610351562,42.0
2021-03-31,112734200,19.399999618530273,44.0
2021-04-01,99682900,17.329999923706055,46.0
2021-04-05,91684800,17.90999984741211,54.0
2021-04-06,62021000,18.1200008392334,53.0
2021-04-07,55836300,17.15999984741211,52.0
2021-04-08,57863100,16.950000762939453,48.0
2021-04-09,61104600,16.690000534057617,47.0
2021-04-12,56704900,16.90999984741211,43.0
2021-04-13,56551000,16.649999618530273,43.0
2021-04-14,61659900,16.989999771118164,39.0
2021-04-15,60229800,16.56999969482422,47.0
2021-04-16,82037300,16.25,51.0
2021-04-19,78498500,17.290000915527344,45.0
2021-04-20,81851800,18.68000030517578,42.0
2021-04-21,66793000,17.5,49.0
2021-04-22,97582800,18.709999084472656,46.0
2021-04-23,73209200,17.329999923706055,47.0
2021-04-26,52182400,17.639999389648438,50.0
2021-04-27,51303100,17.559999465942383,54.0
2021-04-28,51238900,17.280000686645508,52.0
2021-04-29,78544300,17.610000610351562,56.0
2021-04-30,85527000,18.610000610351562,46.0
2021-05-03,68128300,18.309999465942383,47.0
2021-05-04,101591200,19.479999542236328,43.0
2021-05-05,60162200,19.149999618530273,43.0
2021-05-06,74321400,18.389999389648438,43.0
2021-05-07,67733800,16.690000534057617,48.0
2021-05-10,81852400,19.65999984741211,44.0
2021-05-11,116888000,21.84000015258789,42.0
2021-05-12,134811000,27.59000015258789,26.0
2021-05-13,106394000,23.1299991607666,34.0
2021-05-14,82201600,18.809999465942383,35.0
2021-05-17,65129200,19.719999313354492,36.0
2021-05-18,59810200,21.34000015258789,34.0
2021-05-19,106467100,22.18000030517578,32.0
2021-05-20,78022200,20.670000076293945,32.0
2021-05-21,76578700,20.149999618530273,29.0
2021-05-24,51376700,18.399999618530273,29.0
2021-05-25,57451400,18.84000015258789,26.0
2021-05-26,43088600,17.360000610351562,28.0
2021-05-27,56707700,16.739999771118164,30.0
2021-05-28,58520200,16.760000228881836,31.0
2021-06-01,54216600,17.899999618530273,35.0
2021-06-02,49097100,17.479999542236328,42.0
2021-06-03,58138800,18.040000915527344,40.0
2021-06-04,55938800,16.420000076293945,41.0
2021-06-07,51555000,16.420000076293945,44.0
2021-06-08,47134300,17.06999969482422,46.0
2021-06-09,48436300,17.889999389648438,48.0
2021-06-10,51020100,16.100000381469727,48.0
2021-06-11,45570800,15.649999618530273,51.0
2021-06-14,42358500,16.389999389648438,54.0
2021-06-15,51508500,17.020000457763672,52.0
2021-06-16,80386100,18.149999618530273,44.0
2021-06-17,90949700,17.75,42.0
2021-06-18,118676300,20.700000762939453,31.0
2021-06-21,72822000,17.889999389648438,32.0
2021-06-22,57700300,16.65999984741211,32.0
2021-06-23,49445400,16.31999969482422,33.0
2021-06-24,45110300,15.970000267028809,36.0
2021-06-25,58129500,15.619999885559082,41.0
2021-06-28,53159600,15.760000228881836,41.0
2021-06-29,35970500,16.020000457763672,39.0
2021-06-30,64827900,15.829999923706055,38.0
2021-07-01,53441000,15.479999542236328,38.0
2021-07-02,57697700,15.069999694824219,38.0
2021-07-06,68710400,16.440000534057617,33.0
2021-07-07,63549500,16.200000762939453,33.0
2021-07-08,97595200,19.0,26.0
2021-07-09,76238600,16.18000030517578,31.0
2021-07-12,52889600,16.170000076293945,31.0
2021-07-13,52911300,17.1200008392334,31.0
2021-07-14,64130400,16.329999923706055,29.0
2021-07-15,55126400,17.010000228881836,27.0
2021-07-16,75874700,18.450000762939453,26.0
2021-07-19,147987000,22.5,8.0
2021-07-20,99608200,19.729999542236328,20.0
2021-07-21,64724400,17.90999984741211,24.0
2021-07-22,47878500,17.690000534057617,24.0
2021-07-23,63766600,17.200000762939453,28.0
2021-07-26,43719200,17.579999923706055,30.0
2021-07-27,67397100,19.360000610351562,27.0
2021-07-28,52472400,18.309999465942383,27.0
2021-07-29,47435300,17.700000762939453,29.0
2021-07-30,68951200,18.239999771118164,25.0
2021-08-02,58783300,19.459999084472656,25.0
2021-08-03,58053900,18.040000915527344,29.0
2021-08-04,46732200,17.969999313354492,28.0
2021-08-05,38969700,17.280000686645508,29.0
2021-08-06,46930000,16.149999618530273,31.0
2021-08-09,41222600,16.719999313354492,32.0
2021-08-10,43339300,16.790000915527344,34.0
2021-08-11,44034300,16.170000076293945,37.0
2021-08-12,38909400,15.59000015258789,43.0
2021-08-13,39470300,15.449999809265137,47.0
2021-08-16,73740000,16.1200008392334,44.0
2021-08-17,92673900,17.90999984741211,31.0
2021-08-18,89351900,21.56999969482422,18.0
2021-08-19,92812200,21.670000076293945,14.0
2021-08-20,72008700,18.559999465942383,23.0
2021-08-23,54973000,17.149999618530273,30.0
2021-08-24,38744700,17.219999313354492,34.0
2021-08-25,40529700,16.790000915527344,36.0
2021-08-26,57829600,18.84000015258789,36.0
2021-08-27,77235100,16.389999389648438,47.0
2021-08-30,48357400,16.190000534057617,47.0
2021-08-31,59300200,16.479999542236328,47.0
2021-09-01,48721400,16.110000610351562,43.0
2021-09-02,42501000,16.40999984741211,44.0
2021-09-03,47170500,16.40999984741211,44.0
2021-09-07,51671500,18.139999389648438,41.0
2021-09-08,56181900,17.959999084472656,38.0
2021-09-09,57970400,18.799999237060547,33.0
2021-09-10,89948200,20.950000762939453,20.0
2021-09-13,83738600,19.3700008392334,28.0
2021-09-14,78197100,19.459999084472656,24.0
2021-09-15,78792200,18.18000030517578,31.0
2021-09-16,77786700,18.690000534057617,31.0
2021-09-17,118425000,20.809999465942383,17.0
2021-09-20,166445500,25.709999084472656,11.0
2021-09-21,92526100,24.360000610351562,11.0
2021-09-22,102350100,20.8700008392334,20.0
2021-09-23,76396000,18.6299991607666,24.0
2021-09-24,62094800,17.75,23.0
2021-09-27,61371100,18.760000228881836,24.0
2021-09-28,130436300,23.25,12.0
2021-09-29,82329200,22.559999465942383,12.0
2021-09-30,140506000,23.139999389648438,9.0
2021-10-01,129240100,21.100000381469727,18.0
2021-10-04,128570000,22.959999084472656,9.0
2021-10-05,90682500,21.299999237060547,18.0
2021-10-06,113032200,21.0,20.0
2021-10-07,72437500,19.540000915527344,24.0
2021-10-08,74557400,18.770000457763672,25.0
2021-10-11,65233300,20.0,25.0
2021-10-12,71181200,19.850000381469727,22.0
2021-10-13,72974000,18.639999389648438,24.0
2021-10-14,70236800,16.860000610351562,31.0
2021-10-15,66260200,16.299999237060547,43.0
2021-10-18,62213200,16.309999465942383,46.0
2021-10-19,46996800,15.699999809265137,53.0
2021-10-20,49571600,15.489999771118164,56.0
2021-10-21,41305400,15.010000228881836,60.0
2021-10-22,58845100,15.430000305175781,59.0
2021-10-25,45214500,15.239999771118164,62.0
2021-10-26,56075100,15.979999542236328,63.0
2021-10-27,72438000,16.979999542236328,58.0
2021-10-28,51437900,16.530000686645508,64.0
2021-10-29,70162400,16.260000228881836,65.0
2021-11-01,48433600,16.40999984741211,66.0
2021-11-02,48908400,16.030000686645508,68.0
2021-11-03,52509800,15.100000381469727,72.0
2021-11-04,52847100,15.4399995803833,72.0
2021-11-05,66390600,16.479999542236328,73.0
2021-11-08,50405200,17.219999313354492,74.0
2021-11-09,51149100,17.780000686645508,77.0
2021-11-10,69429700,18.729999542236328,73.0
2021-11-11,34848500,17.65999984741211,72.0
2021-11-12,53466700,16.290000915527344,74.0
2021-11-15,46980500,16.489999771118164,71.0
2021-11-16,48857500,16.3700008392334,72.0
2021-11-17,47858300,17.110000610351562,69.0
2021-11-18,50625600,17.59000015258789,70.0
2021-11-19,57315600,17.90999984741211,62.0
2021-11-22,72762000,19.170000076293945,60.0
2021-11-23,73206500,19.3799991607666,60.0
2021-11-24,61858800,18.579999923706055,56.0
2021-11-26,112669600,28.6200008392334,31.0
2021-11-29,86268800,22.959999084472656,38.0
2021-11-30,148559600,27.190000534057617,24.0
2021-12-01,131939200,31.1200008392334,25.0
2021-12-02,127637800,27.950000762939453,22.0
2021-12-03,137331600,30.670000076293945,20.0
2021-12-06,98977500,27.18000030517578,21.0
2021-12-07,95484700,21.889999389648438,37.0
2021-12-08,72238800,19.899999618530273,41.0
2021-12-09,61272600,21.579999923706055,36.0
2021-12-10,77159800,18.690000534057617,42.0
2021-12-13,87724700,20.309999465942383,35.0
2021-12-14,97264100,21.889999389648438,31.0
2021-12-15,116899300,19.290000915527344,37.0
2021-12-16,116568600,20.56999969482422,33.0
2021-12-17,135511600,21.56999969482422,32.0
2021-12-20,107134800,22.8700008392334,29.0
2021-12-21,69806300,21.010000228881836,34.0
2021-12-22,58890200,18.6299991607666,39.0
2021-12-23,56439700,17.959999084472656,50.0
2021-12-27,56808600,17.68000030517578,56.0
2021-12-28,47274600,17.540000915527344,62.0
2021-12-29,54503000,16.950000762939453,64.0
2021-12-30,55329000,17.329999923706055,63.0
2021-12-31,65237400,17.219999313354492,62.0
2022-01-03,72668200,16.600000381469727,65.0
2022-01-04,71178700,16.90999984741211,64.0
2022-01-05,104538900,19.729999542236328,51.0
2022-01-06,86858900,19.610000610351562,52.0
2022-01-07,85111600,18.760000228881836,49.0
2022-01-10,119362000,19.399999618530273,51.0
2022-01-11,74303100,18.40999984741211,56.0
2022-01-12,67605400,17.6200008392334,55.0
2022-01-13,91173100,20.309999465942383,52.0
2022-01-14,95890900,19.190000534057617,55.0
2022-01-18,109709100,22.790000915527344,53.0
2022-01-19,109357600,23.850000381469727,44.0
2022-01-20,122379700,25.59000015258789,39.0
2022-01-21,202271200,28.850000381469727,26.0
2022-01-24,251783900,29.899999618530273,23.0
2022-01-25,167997300,31.15999984741211,20.0
2022-01-26,186391100,31.959999084472656,19.0
2022-01-27,149878300,30.489999771118164,18.0
2022-01-28,164457400,27.65999984741211,23.0
2022-01-31,152251400,24.829999923706055,29.0
2022-02-01,123155400,21.959999084472656,30.0
2022-02-02,117361000,22.09000015258789,28.0
2022-02-03,118024400,24.350000381469727,26.0
2022-02-04,118454400,23.219999313354492,27.0
2022-02-07,84472900,22.860000610351562,27.0
2022-02-08,81012000,21.440000534057617,28.0
2022-02-09,92589900,19.959999084472656,32.0
2022-02-10,140103700,23.90999984741211,33.0
2022-02-11,153214600,27.360000610351562,28.0
2022-02-14,123006300,28.329999923706055,25.0
2022-02-15,88482700,25.700000762939453,29.0
2022-02-16,84863600,24.290000915527344,32.0
2022-02-17,102259100,28.110000610351562,32.0
2022-02-18,132642900,27.75,29.0
2022-02-22,124391800,28.809999465942383,28.0
2022-02-23,132578000,31.020000457763672,18.0
2022-02-24,213942900,30.31999969482422,21.0
2022-02-25,121804500,27.59000015258789,28.0
2022-02-28,145615000,30.149999618530273,25.0
2022-03-01,137785900,33.31999969482422,22.0
2022-03-02,117726500,30.739999771118164,17.0
2022-03-03,105501700,30.479999542236328,21.0
2022-03-04,113978200,31.979999542236328,18.0
2022-03-07,137896600,36.45000076293945,16.0
2022-03-08,164772700,35.130001068115234,16.0
2022-03-09,116990800,32.45000076293945,18.0
2022-03-10,93972700,30.229999542236328,17.0
2022-03-11,95636300,30.75,19.0
2022-03-14,95729200,31.770000457763672,17.0
2022-03-15,106219100,29.829999923706055,21.0
2022-03-16,144954800,26.670000076293945,25.0
2022-03-17,102676900,25.670000076293945,33.0
2022-03-18,106345500,23.8700008392334,38.0
2022-03-21,88349800,23.530000686645508,40.0
2022-03-22,74650400,22.940000534057617,44.0
2022-03-23,79426100,23.56999969482422,45.0
2022-03-24,64736900,21.670000076293945,46.0
2022-03-25,77101300,20.809999465942383,49.0
2022-03-28,68529800,19.6299991607666,51.0
2022-03-29,86581500,18.899999618530273,52.0
2022-03-30,79666900,19.329999923706055,52.0
2022-03-31,121699900,20.559999465942383,59.0
2022-04-01,89048800,19.6299991607666,59.0
2022-04-04,59601000,18.56999969482422,61.0
2022-04-05,74214500,21.030000686645508,47.0
2022-04-06,106898000,22.100000381469727,46.0
2022-04-07,78097200,21.549999237060547,46.0
2022-04-08,79272700,21.15999984741211,46.0
2022-04-11,89770500,24.3700008392334,43.0
2022-04-12,84363600,24.260000228881836,42.0
2022-04-13,74070400,21.81999969482422,41.0
2022-04-14,97869500,22.700000762939453,39.0
2022-04-18,66002500,22.170000076293945,37.0
2022-04-19,77821000,21.3700008392334,39.0
2022-04-20,65224400,20.31999969482422,43.0
2022-04-21,85417300,22.68000030517578,38.0
2022-04-22,132471800,28.209999084472656,31.0
2022-04-25,119647700,27.020000457763672,29.0
2022-04-26,103996300,33.52000045776367,17.0
2022-04-27,122030000,31.600000381469727,16.0
2022-04-28,105449100,29.989999771118164,24.0
2022-04-29,145491100,33.400001525878906,14.0
2022-05-02,158312500,32.34000015258789,13.0
2022-05-03,100028200,29.25,30.0
2022-05-04,144247900,25.420000076293945,22.0
2022-05-05,172929100,31.200000762939453,13.0
2022-05-06,151770800,30.190000534057617,12.0
2022-05-09,155586100,34.75,8.0
2022-05-10,132497200,32.9900016784668,7.0
2022-05-11,142361000,32.560001373291016,4.0
2022-05-12,125090800,31.770000457763672,3.0
2022-05-13,104174400,28.8700008392334,11.0
2022-05-16,78622400,27.469999313354492,11.0
2022-05-17,83029700,26.100000381469727,15.0
2022-05-18,117674500,30.959999084472656,6.0
2022-05-19,98510700,29.350000381469727,13.0
2022-05-20,131432200,29.43000030517578,12.0
2022-05-23,76414900,28.479999542236328,17.0
2022-05-24,91448800,29.450000762939453,16.0
2022-05-25,91472900,28.3700008392334,17.0
2022-05-26,82168300,27.5,24.0
2022-05-27,84768700,25.719999313354492,29.0
2022-05-31,95937000,26.190000534057617,40.0
2022-06-01,86585800,25.690000534057617,40.0
2022-06-02,79609600,24.719999313354492,44.0
2022-06-03,71874300,24.790000915527344,35.0
2022-06-06,57508900,25.06999969482422,42.0
2022-06-07,59272400,24.020000457763672,45.0
2022-06-08,64350000,23.959999084472656,48.0
2022-06-09,86289800,26.09000015258789,47.0
2022-06-10,132893900,27.75,40.0
2022-06-13,170004900,34.02000045776367,25.0
2022-06-14,104011800,32.689998626708984,20.0
2022-06-15,125666800,29.6200008392334,29.0
2022-06-16,134473300,32.95000076293945,17.0
2022-06-17,111113900,31.1299991607666,16.0
2022-06-21,76811900,30.190000534057617,19.0
2022-06-22,90059400,28.950000762939453,26.0
2022-06-23,79292100,29.049999237060547,26.0
2022-06-24,98050300,27.229999542236328,30.0
2022-06-27,66009600,26.950000762939453,30.0
2022-06-28,86548900,28.360000610351562,28.0
2022-06-29,65676000,28.15999984741211,26.0
2022-06-30,112508300,28.709999084472656,24.0
2022-07-01,74839700,26.700000762939453,24.0
2022-07-05,81438000,27.540000915527344,22.0
2022-07-06,70426200,26.729999542236328,22.0
2022-07-07,64525900,26.079999923706055,27.0
2022-07-08,72397800,24.639999389648438,31.0
2022-07-11,58366900,26.170000076293945,30.0
2022-07-12,62219200,27.290000915527344,30.0
2022-07-13,84224600,26.81999969482422,27.0
2022-07-14,89704800,26.399999618530273,26.0
2022-07-15,79060400,24.229999542236328,33.0
2022-07-18,63203600,25.299999237060547,35.0
2022-07-19,78506000,24.5,39.0
2022-07-20,71843800,23.8799991607666,44.0
2022-07-21,64903900,23.110000610351562,48.0
2022-07-22,72197300,23.030000686645508,42.0
2022-07-25,53631500,23.360000610351562,42.0
2022-07-26,52946400,24.690000534057617,42.0
2022-07-27,82342100,23.239999771118164,46.0
2022-07-28,73966600,22.329999923706055,48.0
2022-07-29,87003700,21.329999923706055,52.0
2022-08-01,69997500,22.84000015258789,59.0
2022-08-02,63435400,23.93000030517578,57.0
2022-08-03,67820600,21.950000762939453,60.0
2022-08-04,45656600,21.440000534057617,61.0
2022-08-05,56814900,21.149999618530273,63.0
2022-08-08,53886100,21.290000915527344,64.0
2022-08-09,44931800,21.770000457763672,64.0
2022-08-10,68665700,19.739999771118164,65.0
2022-08-11,59489700,20.200000762939453,65.0
2022-08-12,61694500,19.530000686645508,68.0
2022-08-15,54048300,19.950000762939453,66.0
2022-08-16,59289000,19.690000534057617,67.0
2022-08-17,63563400,19.899999618530273,67.0
2022-08-18,49023200,19.559999465942383,66.0
2022-08-19,68016900,20.600000381469727,63.0
2022-08-22,77695600,23.799999237060547,60.0
2022-08-23,49105200,24.110000610351562,57.0
2022-08-24,49177800,22.81999969482422,57.0
2022-08-25,50942300,21.780000686645508,58.0
2022-08-26,103087000,25.559999465942383,55.0
2022-08-29,65370800,26.209999084472656,54.0
2022-08-30,85652400,26.209999084472656,49.0
2022-08-31,76029700,25.8700008392334,52.0
2022-09-01,78740100,25.559999465942383,49.0
2022-09-02,99632100,25.469999313354492,42.0
2022-09-06,76637400,26.90999984741211,40.0
2022-09-07,70964200,24.639999389648438,39.0
2022-09-08,80821700,23.610000610351562,40.0
2022-09-09,76706900,22.790000915527344,43.0
2022-09-12,69256300,23.8700008392334,47.0
2022-09-13,122947100,27.270000457763672,36.0
2022-09-14,85023700,26.15999984741211,41.0
2022-09-15,87633800,26.270000457763672,40.0
2022-09-16,103084800,26.299999237060547,35.0
2022-09-19,73278500,25.760000228881836,36.0
2022-09-20,77274900,27.15999984741211,36.0
2022-09-21,106746600,27.989999771118164,27.0
2022-09-22,89472600,27.350000381469727,24.0
2022-09-23,122346900,29.920000076293945,21.0
2022-09-26,92581200,32.2599983215332,17.0
2022-09-27,108294100,32.599998474121094,16.0
2022-09-28,110802200,30.18000030517578,17.0
2022-09-29,112952300,31.84000015258789,13.0
2022-09-30,153711200,31.6200008392334,16.0
2022-10-03,89756500,30.100000381469727,20.0
2022-10-04,103602800,29.06999969482422,27.0
2022-10-05,88065700,28.549999237060547,29.0
2022-10-06,82333500,30.520000457763672,23.0
2022-10-07,107789500,31.360000610351562,19.0
2022-10-10,76042800,32.45000076293945,19.0
2022-10-11,92482800,33.630001068115234,16.0
2022-10-12,76991800,33.56999969482422,15.0
2022-10-13,147254500,31.940000534057617,19.0
2022-10-14,123737000,32.02000045776367,16.0
2022-10-17,93168200,31.3700008392334,23.0
2022-10-18,97162900,30.5,28.0
2022-10-19,79746900,30.760000228881836,29.0
2022-10-20,88283100,29.979999542236328,39.0
2022-10-21,131038400,29.690000534057617,43.0
2022-10-24,85436900,29.850000381469727,47.0
2022-10-25,78846300,28.459999084472656,51.0
2022-10-26,104087300,27.280000686645508,53.0
2022-10-27,81971800,27.389999389648438,54.0
2022-10-28,100302000,25.75,57.0
2022-10-31,96631300,25.8799991607666,64.0
2022-11-01,85407600,25.809999465942383,63.0
2022-11-02,126990400,25.860000610351562,55.0
2022-11-03,87100100,25.299999237060547,55.0
2022-11-04,103505200,24.549999237060547,56.0
2022-11-07,68286900,24.350000381469727,59.0
2022-11-08,84641100,25.540000915527344,57.0
2022-11-09,78495500,26.09000015258789,54.0
2022-11-10,141455800,23.530000686645508,60.0
2022-11-11,93839900,22.520000457763672,63.0
2022-11-14,71903500,23.729999542236328,62.0
2022-11-15,93194500,24.540000915527344,66.0
2022-11-16,68508500,24.110000610351562,65.0
2022-11-17,74496300,23.93000030517578,61.0
2022-11-18,92922500,23.1200008392334,60.0
2022-11-21,51243200,22.360000610351562,60.0
2022-11-22,60429000,21.290000915527344,60.0
2022-11-23,68261600,20.350000381469727,64.0
2022-11-25,30545400,20.5,63.0
2022-11-28,67881600,22.209999084472656,59.0
2022-11-29,52310000,21.889999389648438,58.0
2022-11-30,144566700,20.579999923706055,73.0
2022-12-01,76398200,19.84000015258789,75.0
2022-12-02,85342700,19.059999465942383,68.0
2022-12-05,77289800,20.75,65.0
2022-12-06,77972200,22.170000076293945,61.0
2022-12-07,65927900,22.68000030517578,58.0
2022-12-08,60737900,22.290000915527344,55.0
2022-12-09,81447700,22.829999923706055,52.0
2022-12-12,75405800,25.0,57.0
2022-12-13,123782500,22.549999237060547,59.0
2022-12-14,108111300,21.139999389648438,60.0
2022-12-15,117705900,22.829999923706055,60.0
2022-12-16,119858000,22.6200008392334,44.0
2022-12-19,79878100,22.420000076293945,39.0
2022-12-20,74427200,21.479999542236328,38.0
2022-12-21,78167400,20.06999969482422,38.0
2022-12-22,100120900,21.969999313354492,37.0
2022-12-23,59857300,20.8700008392334,39.0
2022-12-27,51638200,21.649999618530273,39.0
2022-12-28,70911500,22.139999389648438,35.0
2022-12-29,66970900,21.440000534057617,37.0
2022-12-30,84022200,21.670000076293945,36.0
2023-01-03,74850700,22.899999618530273,36.6
2023-01-04,85934100,22.010000228881836,39.85714285714285
2023-01-05,76970500,22.459999084472656,44.17142857142858
2023-01-06,104189600,21.1299991607666,45.71428571428572
2023-01-09,73978100,21.969999313354492,47.2
2023-01-10,65358100,20.579999923706055,49.65714285714286
2023-01-11,68881100,21.09000015258789,54.22857142857144
2023-01-12,90157700,18.829999923706055,56.68571428571429
2023-01-13,63903900,18.350000381469727,61.31428571428571
2023-01-17,62677300,19.360000610351562,64.14285714285714
2023-01-18,99632300,20.34000015258789,58.42857142857143
2023-01-19,86958900,20.520000457763672,55.42857142857144
2023-01-20,91806400,19.850000381469727,58.54285714285714
2023-01-23,84178800,19.809999465942383,63.60000000000001
2023-01-24,59524900,19.200000762939453,63.0
2023-01-25,84800300,19.079999923706055,63.88571428571429
2023-01-26,72287400,18.729999542236328,68.02857142857144
2023-01-27,68346200,18.510000228881836,69.2
2023-01-30,74202000,19.940000534057617,67.45714285714287
2023-01-31,86811800,19.399999618530273,70.34285714285716
2023-02-01,101459200,17.8700008392334,82.17142857142858
2023-02-02,101654500,18.729999542236328,75.2
2023-02-03,94736800,18.329999923706055,76.14285714285714
2023-02-06,60295300,19.43000030517578,75.91428571428573
2023-02-07,90990700,18.65999984741211,76.34285714285714
2023-02-08,76227500,19.6299991607666,74.62857142857142
2023-02-09,78694900,20.709999084472656,72.62857142857143
2023-02-10,70769700,20.530000686645508,72.4857142857143
2023-02-13,64913500,20.34000015258789,71.82857142857144
2023-02-14,88389300,18.90999984741211,73.25714285714287
2023-02-15,61555700,18.229999542236328,73.65714285714284
2023-02-16,76431500,20.170000076293945,70.71428571428572
2023-02-17,89257800,20.020000457763672,69.48571428571428
2023-02-21,82655900,22.8700008392334,65.91428571428573
2023-02-22,83742300,22.290000915527344,64.17142857142859
2023-02-23,96242400,21.139999389648438,62.65714285714285
2023-02-24,108194400,21.670000076293945,60.65714285714286
2023-02-27,80444700,20.950000762939453,61.22857142857144
2023-02-28,96438600,20.700000762939453,61.2
2023-03-01,99706800,20.579999923706055,65.91428571428573
2023-03-02,85127800,19.59000015258789,52.45714285714287
2023-03-03,90120000,18.489999771118164,55.6857142857143
2023-03-06,72795900,18.610000610351562,55.25714285714285
2023-03-07,108310600,19.59000015258789,48.51428571428571
2023-03-08,74746600,19.110000610351562,49.82857142857143
2023-03-09,111945300,22.610000610351562,37.54285714285714
2023-03-10,189253000,24.799999237060547,26.885714285714283
2023-03-13,157790000,26.520000457763672,23.357142857142858
2023-03-14,149752400,23.729999542236328,25.085714285714285
2023-03-15,172996900,26.139999389648438,22.685714285714287
2023-03-16,143254200,22.989999771118164,32.57142857142857
2023-03-17,140553400,25.510000228881836,27.000000000000004
2023-03-20,93055800,24.149999618530273,30.428571428571438
2023-03-21,91524200,21.3799991607666,43.48571428571429
2023-03-22,111746600,22.260000228881836,41.02857142857143
2023-03-23,119351300,22.610000610351562,38.34285714285715
2023-03-24,107682400,21.739999771118164,37.71428571428572
2023-03-27,74010400,20.600000381469727,40.2
2023-03-28,62871700,19.969999313354492,39.6
2023-03-29,77497900,19.1200008392334,41.457142857142856
2023-03-30,69840000,19.020000457763672,45.22857142857144
2023-03-31,112062600,18.700000762939453,49.48571428571429
2023-04-03,67391100,18.549999237060547,61.48571428571428
2023-04-04,66601500,19.0,50.22857142857144
2023-04-05,65200200,19.079999923706055,52.62857142857143
2023-04-06,63743300,18.399999618530273,55.25714285714286
2023-04-10,63681000,18.969999313354492,57.91428571428572
2023-04-11,59297900,19.100000381469727,58.48571428571428
2023-04-12,86420400,19.09000015258789,60.74285714285714
2023-04-13,85814800,17.799999237060547,63.17142857142856
2023-04-14,78161500,17.06999969482422,65.71428571428571
2023-04-17,66436400,16.950000762939453,67.08571428571429
2023-04-18,63560000,16.829999923706055,65.4857142857143
2023-04-19,55227300,16.459999084472656,67.25714285714287
2023-04-20,75840400,17.170000076293945,64.05714285714285
2023-04-21,73457400,16.770000457763672,63.51428571428572
2023-04-24,64332100,16.889999389648438,63.48571428571429
2023-04-25,97766700,18.760000228881836,57.057142857142864
2023-04-26,80447000,18.84000015258789,52.4
2023-04-27,92968400,17.030000686645508,58.31428571428573
2023-04-28,89335600,15.779999732971191,59.42857142857143
2023-05-01,62122300,16.079999923706055,59.42857142857144
2023-05-02,103998500,17.780000686645508,55.51428571428572
2023-05-03,91531800,18.34000015258789,54.62857142857143
2023-05-04,94901900,20.09000015258789,49.6
2023-05-05,87844000,17.190000534057617,53.885714285714286
2023-05-08,50046800,16.979999542236328,57.142857142857146
2023-05-09,49220100,17.709999084472656,59.57142857142857
2023-05-10,96142900,16.940000534057617,59.971428571428575
2023-05-11,70157100,16.93000030517578,59.057142857142864
2023-05-12,70439400,17.030000686645508,57.34285714285715
2023-05-15,54289400,17.1200008392334,57.25714285714286
2023-05-16,57705500,17.989999771118164,55.28571428571429
2023-05-17,87287000,16.8700008392334,60.25714285714286
2023-05-18,97177200,16.049999237060547,64.91428571428573
2023-05-19,103679700,16.809999465942383,65.45714285714287
2023-05-22,60745400,17.209999084472656,67.85714285714286
2023-05-23,86383500,18.530000686645508,65.8
2023-05-24,89213700,20.030000686645508,61.82857142857143
2023-05-25,90961600,19.139999389648438,62.6857142857143
2023-05-26,93830000,17.950000762939453,65.71428571428571
2023-05-30,72216000,17.459999084472656,66.08571428571429
2023-05-31,110811800,17.940000534057617,64.17142857142858
2023-06-01,88865000,15.649999618530273,68.05714285714286
2023-06-02,91366700,14.600000381469727,75.42857142857143
2023-06-05,65460200,14.729999542236328,69.48571428571428
2023-06-06,64022200,13.960000038146973,73.51428571428572
2023-06-07,85373300,13.9399995803833,74.45714285714287
2023-06-08,61952800,13.649999618530273,75.77142857142857
2023-06-09,85742800,13.829999923706055,76.97142857142856
2023-06-12,76104300,15.010000228881836,78.05714285714286
2023-06-13,95899700,14.609999656677246,79.62857142857145
2023-06-14,100612100,13.880000114440918,79.62857142857142
2023-06-15,110303100,14.5,80.88571428571429
2023-06-16,114121300,13.539999961853027,81.25714285714287
2023-06-20,76160400,13.880000114440918,80.11428571428571
2023-06-21,76982300,13.199999809265137,80.11428571428573
2023-06-22,70637200,12.90999984741211,80.05714285714285
2023-06-23,92074500,13.4399995803833,75.71428571428571
2023-06-26,72823600,14.25,73.45714285714287
2023-06-27,72813700,13.739999771118164,75.48571428571428
2023-06-28,75636000,13.430000305175781,76.51428571428573
2023-06-29,67882300,13.539999961853027,79.20000000000002
2023-06-30,104921500,13.59000015258789,79.4857142857143
2023-07-03,32793400,13.569999694824219,82.22857142857143
2023-07-05,58418400,14.180000305175781,79.25714285714287
2023-07-06,80658300,15.4399995803833,77.91428571428573
2023-07-07,86076100,14.829999923706055,77.68571428571428
2023-07-10,62443500,15.069999694824219,76.6857142857143
2023-07-11,64463800,14.84000015258789,78.28571428571429
2023-07-12,91924500,13.539999961853027,78.17142857142858
2023-07-13,72425200,13.609999656677246,79.39999999999999
2023-07-14,69761800,13.34000015258789,79.8
2023-07-17,52680200,13.479999542236328,80.02857142857142
2023-07-18,80744400,13.300000190734863,81.68571428571428
2023-07-19,65891700,13.760000228881836,82.34285714285716
2023-07-20,70591600,13.989999771118164,80.85714285714286
2023-07-21,71245400,13.600000381469727,81.02857142857144
2023-07-24,54023400,13.90999984741211,82.51428571428572
2023-07-25,55191200,13.859999656677246,81.22857142857143
2023-07-26,71052900,13.1899995803833,80.60000000000001
2023-07-27,92194400,14.40999984741211,77.65714285714286
2023-07-28,80011800,13.329999923706055,76.91428571428573
2023-07-31,62040400,13.630000114440918,77.62857142857142
2023-08-01,55291500,13.930000305175781,77.34285714285716
2023-08-02,93933400,16.09000015258789,77.34285714285714
2023-08-03,64276100,15.920000076293945,73.62857142857145
2023-08-04,100052300,17.100000381469727,64.5
2023-08-07,58357500,15.770000457763672,72.05714285714285
2023-08-08,71361300,15.989999771118164,69.2
2023-08-09,78789600,15.960000038146973,67.31428571428572
2023-08-10,93005500,15.850000381469727,66.34285714285714
2023-08-11,68664600,14.84000015258789,65.02857142857144
2023-08-14,47867400,14.819999694824219,66.28571428571429
2023-08-15,75707500,16.459999084472656,54.5
2023-08-16,80107200,16.780000686645508,49.48571428571428
2023-08-17,95711300,17.889999389648438,46.142857142857146
2023-08-18,98758400,17.299999237060547,43.65714285714286
2023-08-21,68719000,17.1299991607666,43.48571428571429
2023-08-22,65062900,16.969999313354492,43.44285714285714
2023-08-23,68441000,15.979999542236328,50.17142857142857
2023-08-24,88517300,17.200000762939453,40.58571428571429
2023-08-25,102325100,15.680000305175781,47.02857142857143
2023-08-28,61595400,15.079999923706055,45.285714285714285
2023-08-29,83081900,14.449999809265137,49.17142857142857
2023-08-30,69053900,13.880000114440918,50.42857142857143
2023-08-31,66084600,13.569999694824219,52.94285714285714
2023-09-01,58875700,13.09000015258789,55.02857142857143
2023-09-05,55166200,14.010000228881836,59.08571428571428
2023-09-06,70758500,14.449999809265137,56.71428571428572
2023-09-07,70355400,14.399999618530273,53.62857142857143
2023-09-08,61659700,13.84000015258789,51.91428571428571
2023-09-11,60180100,13.800000190734863,52.2
2023-09-12,67565400,14.229999542236328,51.40000000000001
2023-09-13,60199300,13.479999542236328,51.40000000000001
2023-09-14,83430800,12.819999694824219,54.42857142857144
2023-09-15,111761400,13.789999961853027,52.02857142857143
2023-09-18,55752200,14.0,49.48571428571429
2023-09-19,66514600,14.109999656677246,49.94285714285714
2023-09-20,82562600,15.140000343322754,48.285714285714285
2023-09-21,103976100,17.540000915527344,37.15714285714286
2023-09-22,100829700,17.200000762939453,33.15714285714286
2023-09-25,70874500,16.899999618530273,38.42857142857143
2023-09-26,96168400,18.940000534057617,24.22857142857143
2023-09-27,104705800,18.219999313354492,22.82857142857143
2023-09-28,92258300,17.34000015258789,29.0
2023-09-29,115078500,17.520000457763672,28.4
2023-10-02,83798600,17.610000610351562,28.314285714285717
2023-10-03,103760600,19.780000686645508,20.528571428571432
2023-10-04,87453000,18.579999923706055,20.985714285714288
2023-10-05,70142700,18.489999771118164,20.32857142857143
2023-10-06,113202700,17.450000762939453,27.714285714285715
2023-10-09,80374400,17.700000762939453,29.25714285714286
2023-10-10,78607300,17.030000686645508,32.31428571428572
2023-10-11,62451700,16.09000015258789,34.34285714285714
2023-10-12,81154200,16.690000534057617,35.68571428571429
2023-10-13,95143100,19.31999969482422,26.27142857142857
2023-10-16,75433200,17.209999084472656,35.74285714285715
2023-10-17,75324700,17.8799991607666,39.142857142857146
2023-10-18,93559800,19.219999313354492,30.571428571428573
2023-10-19,121323000,21.399999618530273,29.542857142857144
2023-10-20,123845800,21.709999084472656,22.85714285714286
2023-10-23,92035100,20.3700008392334,25.842857142857145
2023-10-24,78564200,18.969999313354492,33.48571428571429
2023-10-25,94223200,20.190000534057617,25.214285714285715
2023-10-26,115156800,20.68000030517578,22.71428571428572
2023-10-27,107367700,21.270000457763672,21.61428571428572
2023-10-30,86562700,19.75,29.2
2023-10-31,79665200,18.139999389648438,30.142857142857142
2023-11-01,98068100,16.8700008392334,32.17142857142857
2023-11-02,94938900,15.65999984741211,37.68571428571429
2023-11-03,100110800,14.90999984741211,36.114285714285714
2023-11-06,67831700,14.890000343322754,38.91428571428572
2023-11-07,64256100,14.8100004196167,39.62857142857143
2023-11-08,61746000,14.449999809265137,39.771428571428565
2023-11-09,83174400,15.289999961853027,41.0
2023-11-10,89462200,14.170000076293945,41.45714285714286
2023-11-13,52236100,14.760000228881836,39.88571428571429
2023-11-14,97176900,14.15999984741211,46.6
2023-11-15,77327600,14.180000305175781,52.54285714285714
2023-11-16,66665800,14.319999694824219,55.057142857142864
2023-11-17,83133200,13.800000190734863,58.85714285714287
2023-11-20,69936200,13.40999984741211,61.28571428571429
2023-11-21,49244600,13.350000381469727,61.17142857142858
2023-11-22,59394900,12.850000381469727,65.05714285714286
2023-11-24,29737400,12.460000038146973,66.85714285714286
2023-11-27,50506000,12.6899995803833,65.31428571428572
2023-11-28,62115000,12.6899995803833,65.08571428571429
2023-11-29,63146000,12.979999542236328,63.28571428571429
2023-11-30,79752700,12.920000076293945,64.37142857142858
2023-12-01,89097900,12.630000114440918,64.51428571428572
2023-12-04,72430900,13.079999923706055,63.71428571428572
2023-12-05,69793500,12.850000381469727,65.14285714285714
2023-12-06,69124700,12.970000267028809,63.97142857142857
2023-12-07,66995400,13.0600004196167,66.14285714285715
2023-12-08,83080900,12.350000381469727,65.94285714285715
2023-12-11,65002200,12.630000114440918,67.28571428571429
2023-12-12,68327600,12.069999694824219,67.88571428571429
2023-12-13,93278000,12.1899995803833,67.54285714285714
2023-12-14,119026000,12.479999542236328,70.54285714285716
2023-12-15,141319300,12.279999732971191,69.45714285714287
2023-12-18,70375300,12.5600004196167,70.48571428571428
2023-12-19,55761800,12.529999732971191,82.97142857142858
2023-12-20,102921000,13.670000076293945,75.57142857142857
2023-12-21,86667500,13.649999618530273,77.0
2023-12-22,67126600,13.029999732971191,79.74285714285715
2023-12-26,55387000,12.989999771118164,81.94285714285716
2023-12-27,68000300,12.430000305175781,81.17142857142858
2023-12-28,77158100,12.470000267028809,81.25714285714287
2023-12-29,122234100,12.449999809265137,80.71428571428571
2024-01-02,123623700,13.199999809265137,79.71428571428571
2024-01-03,103585900,14.039999961853027,76.71428571428571
2024-01-04,84232200,14.130000114440918,78.68571428571428
2024-01-05,86060800,13.350000381469727,75.77142857142859
2024-01-08,74879100,13.079999923706055,76.17142857142856
2024-01-09,65931400,12.760000228881836,75.68571428571428
2024-01-10,67310600,12.6899995803833,76.37142857142858
2024-01-11,77940700,12.4399995803833,74.65714285714286
2024-01-12,57944000,12.699999809265137,73.08571428571429
2024-01-16,85014900,13.84000015258789,72.28571428571429
2024-01-17,68843900,14.789999961853027,57.21428571428572
2024-01-18,91856200,14.130000114440918,66.45714285714286
2024-01-19,110733300,13.300000190734863,72.82857142857144
2024-01-22,75844900,13.1899995803833,72.85714285714286
2024-01-23,49945300,12.550000190734863,70.25714285714287
2024-01-24,81765000,13.140000343322754,72.48571428571428
2024-01-25,72525000,13.449999809265137,73.22857142857143
2024-01-26,76641600,13.260000228881836,73.79999999999998
2024-01-29,61322800,13.600000381469727,74.11428571428573
2024-01-30,58618400,13.3100004196167,74.22857142857143
2024-01-31,126011100,14.350000381469727,64.11428571428573
2024-02-01,91891600,13.880000114440918,72.34285714285714
2024-02-02,99147700,13.850000381469727,74.60000000000001
2024-02-05,75757100,13.670000076293945,73.31428571428572
2024-02-06,55918600,13.0600004196167,73.20000000000002
2024-02-07,70556500,12.829999923706055,73.77142857142857
2024-02-08,52343600,12.789999961853027,74.60000000000001
2024-02-09,63979400,12.930000305175781,75.42857142857143
2024-02-12,56502300,13.930000305175781,75.82857142857144
2024-02-13,113099200,15.850000381469727,66.74285714285715
2024-02-14,68387800,14.380000114440918,67.51428571428572
2024-02-15,61683000,14.010000228881836,73.85714285714286
2024-02-16,75461200,14.239999771118164,73.48571428571428
2024-02-20,71736700,15.420000076293945,63.74285714285715
2024-02-21,59603800,15.34000015258789,63.7
2024-02-22,76402500,14.539999961853027,73.94285714285715
2024-02-23,61321800,13.75,73.34285714285714
2024-02-26,50386700,13.739999771118164,71.91428571428573
2024-02-27,48854500,13.430000305175781,75.77142857142859
2024-02-28,56506600,13.84000015258789,76.77142857142859
2024-02-29,83924800,13.399999618530273,77.45714285714287
2024-03-01,76805900,13.109999656677246,76.82857142857142
2024-03-04,49799300,13.489999771118164,79.22857142857143
2024-03-05,72855600,14.460000038146973,76.11428571428571
2024-03-06,68382400,14.5,72.54285714285714
2024-03-07,58652100,14.4399995803833,73.85714285714286
2024-03-08,86425500,14.739999771118164,70.02857142857144
2024-03-11,62557200,15.220000267028809,62.771428571428565
2024-03-12,73114400,13.84000015258789,72.2
2024-03-13,55104100,13.75,71.77142857142857
2024-03-14,110171800,14.399999618530273,70.4
2024-03-15,107585800,14.40999984741211,68.62857142857143
2024-03-18,88893300,14.329999923706055,70.74285714285715
2024-03-19,60755300,13.819999694824219,70.85714285714286
2024-03-20,69594600,13.039999961853027,69.62857142857145
2024-03-21,60256100,12.920000076293945,71.37142857142858
2024-03-22,79023000,13.0600004196167,69.51428571428572
2024-03-25,48512100,13.1899995803833,67.42857142857143
2024-03-26,65463700,13.239999771118164,67.91428571428573
2024-03-27,82999800,12.779999732971191,69.77142857142859
2024-03-28,96294900,13.010000228881836,68.77142857142857
2024-04-01,62477500,13.649999618530273,71.25714285714287
2024-04-02,74230300,14.609999656677246,71.14285714285715
2024-04-03,59155800,14.329999923706055,69.4
2024-04-04,96858100,16.350000381469727,53.8
2024-04-05,74482100,16.030000686645508,58.10000000000001
2024-04-08,48401800,15.1899995803833,64.02857142857144
2024-04-09,68124400,14.979999542236328,59.62857142857144
2024-04-10,82652800,15.800000190734863,49.67142857142858
2024-04-11,70099000,14.90999984741211,56.65714285714286
2024-04-12,92469100,17.309999465942383,45.01428571428572
2024-04-15,92101400,19.229999542236328,38.4
2024-04-16,73484000,18.399999618530273,35.11428571428572
2024-04-17,75910300,18.209999084472656,31.157142857142865
2024-04-18,74548100,18.0,30.40000000000001
2024-04-19,102129100,18.709999084472656,27.67142857142857
2024-04-22,67961000,16.940000534057617,34.17142857142857
2024-04-23,64633600,15.6899995803833,36.57142857142857
2024-04-24,55928100,15.970000267028809,37.48571428571429
2024-04-25,69122400,15.369999885559082,39.08571428571429
2024-04-26,64306100,15.029999732971191,40.51428571428572
2024-04-29,46415400,14.670000076293945,42.42857142857143
2024-04-30,77483600,15.649999618530273,40.54285714285714
2024-05-01,80242800,15.390000343322754,40.51428571428572
2024-05-02,62550200,14.680000305175781,42.22857142857144
2024-05-03,72756700,13.489999771118164,43.25714285714286
2024-05-06,47264700,13.489999771118164,39.0
2024-05-07,52561300,13.229999542236328,37.17142857142858
2024-05-08,42047200,13.0,38.17142857142857
2024-05-09,43643700,12.6899995803833,42.22857142857144
2024-05-10,52233200,12.550000190734863,46.02857142857143
2024-05-13,36716400,13.600000381469727,48.114285714285714
2024-05-14,57535900,13.420000076293945,55.285714285714285
2024-05-15,59504900,12.449999809265137,59.371428571428574
2024-05-16,50244800,12.420000076293945,62.31428571428573
2024-05-17,59187600,11.989999771118164,62.8
2024-05-20,37764200,12.149999618530273,60.42857142857143
2024-05-21,33437000,11.859999656677246,59.42857142857143
2024-05-22,48390000,12.289999961853027,58.51428571428572
2024-05-23,57211200,12.770000457763672,52.37142857142857
2024-05-24,41258400,11.930000305175781,51.74285714285714
2024-05-28,36269600,12.920000076293945,54.68571428571428
2024-05-29,45190300,14.279999732971191,49.971428571428575
2024-05-30,46468500,14.470000267028809,45.08571428571429
2024-05-31,90785800,12.920000076293945,48.42857142857144
2024-06-03,46835700,13.109999656677246,45.48571428571429
2024-06-04,34632700,13.15999984741211,47.62857142857143
2024-06-05,47610400,12.630000114440918,51.142857142857146
2024-06-06,30808500,12.579999923706055,45.31428571428571
2024-06-07,43224500,12.220000267028809,43.4
2024-06-10,35729300,12.739999771118164,44.74285714285715
2024-06-11,36383400,12.850000381469727,44.4
2024-06-12,63251300,12.039999961853027,46.57142857142857
2024-06-13,44760900,11.9399995803833,44.57142857142858
2024-06-14,40089900,12.65999984741211,41.11428571428572
2024-06-17,55839500,12.75,43.285714285714285
2024-06-18,41376400,12.300000190734863,41.28571428571429
2024-06-20,70328200,13.279999732971191,38.71428571428572
2024-06-21,64513900,13.199999809265137,39.05714285714286
2024-06-24,45528700,13.329999923706055,37.77142857142858
2024-06-25,38273300,12.84000015258789,37.285714285714285
2024-06-26,38550600,12.550000190734863,40.88571428571429
2024-06-27,35041500,12.239999771118164,45.51428571428571
2024-06-28,76144500,12.4399995803833,44.31428571428571
2024-07-01,40297800,12.220000267028809,47.94285714285714
2024-07-02,40434800,12.029999732971191,49.74285714285714
2024-07-03,32789900,12.09000015258789,48.371428571428574
2024-07-05,41488400,12.479999542236328,49.71428571428572
2024-07-08,36110500,12.369999885559082,51.057142857142864
2024-07-09,27289700,12.510000228881836,50.57142857142856
2024-07-10,38701200,12.850000381469727,54.60000000000001
2024-07-11,53054200,12.920000076293945,49.4
2024-07-12,53084400,12.460000038146973,54.371428571428574
2024-07-15,40584300,13.119999885559082,57.74285714285715
2024-07-16,36475300,13.1899995803833,57.02857142857143
2024-07-17,57119000,14.479999542236328,46.114285714285714
2024-07-18,56270400,15.930000305175781,45.94285714285714
2024-07-19,65509100,16.520000457763672,43.0
2024-07-22,43346700,14.90999984741211,48.42857142857144
2024-07-23,34439600,14.720000267028809,46.85714285714285
2024-07-24,74515300,18.040000915527344,38.614285714285714
2024-07-25,61158300,18.459999084472656,39.07142857142857
2024-07-26,53763800,16.389999389648438,42.54285714285714
2024-07-29,39515800,16.600000381469727,42.07142857142857
2024-07-30,46853600,17.690000534057617,40.8
2024-07-31,65663400,16.360000610351562,46.885714285714286
2024-08-01,76428700,18.59000015258789,42.68571428571429
2024-08-02,82789100,23.389999389648438,41.385714285714286
2024-08-05,146267400,38.56999969482422,33.05714285714286
2024-08-06,84826300,27.709999084472656,19.014285714285712
2024-08-07,70698300,27.850000381469727,16.557142857142857
2024-08-08,63276600,23.790000915527344,17.65714285714286
2024-08-09,45619600,20.3700008392334,24.085714285714285
2024-08-12,42542100,20.709999084472656,23.8
2024-08-13,52333100,18.1200008392334,25.514285714285712
2024-08-14,42446900,16.190000534057617,26.428571428571438
2024-08-15,60846800,15.229999542236328,32.37142857142857
2024-08-16,44430700,14.800000190734863,33.74285714285715
2024-08-19,39121800,14.649999618530273,39.88571428571429
2024-08-20,33732300,15.880000114440918,44.68571428571429
2024-08-21,41514600,16.270000457763672,50.22857142857144
2024-08-22,56121500,17.549999237060547,46.77142857142858
2024-08-23,50639400,15.859999656677246,51.57142857142857
2024-08-26,35788600,16.149999618530273,52.94285714285714
2024-08-27,32693900,15.430000305175781,52.28571428571429
2024-08-28,41066000,17.110000610351562,51.08571428571429
2024-08-29,38715200,15.649999618530273,56.057142857142864
2024-08-30,62700100,15.0,60.31428571428573
2024-09-03,60600100,20.719999313354492,56.34285714285714
2024-09-04,47224900,21.31999969482422,56.62857142857143
2024-09-05,44264300,19.899999618530273,50.62857142857143
2024-09-06,68493800,22.3799991607666,39.34285714285715
2024-09-09,40445800,19.450000762939453,41.971428571428575
2024-09-10,36394600,19.079999923706055,39.6857142857143
2024-09-11,75248600,17.690000534057617,43.08571428571429
2024-09-12,51892700,17.06999969482422,42.97142857142857
2024-09-13,39310500,16.559999465942383,48.62857142857143
2024-09-16,36656100,17.139999389648438,50.31428571428571
2024-09-17,49321000,17.610000610351562,54.62857142857143
2024-09-18,59044900,18.229999542236328,55.17142857142858
2024-09-19,75315500,16.329999923706055,63.80000000000001
2024-09-20,77503100,16.149999618530273,61.2
2024-09-23,44116900,15.890000343322754,63.85714285714287
2024-09-24,46805700,15.390000343322754,66.42857142857143
2024-09-25,38428600,15.40999984741211,65.74285714285715
2024-09-26,48336000,15.369999885559082,70.74285714285713
2024-09-27,42100900,16.959999084472656,67.31428571428572
2024-09-30,63557400,16.729999542236328,73.6857142857143
2024-10-01,72668800,19.260000228881836,70.31428571428572
2024-10-02,38097800,18.899999618530273,70.57142857142857
2024-10-03,40846500,20.489999771118164,69.42857142857143
2024-10-04,42939100,19.209999084472656,71.4
2024-10-07,49964700,22.639999389648438,70.82857142857144
2024-10-08,37398700,21.420000076293945,71.17142857142856
2024-10-09,37912200,20.860000610351562,71.14285714285715
2024-10-10,44138100,20.93000030517578,70.28571428571429
2024-10-11,42268000,20.459999084472656,71.65714285714286
2024-10-14,36217200,19.700000762939453,74.22857142857143
2024-10-15,54203600,20.639999389648438,71.14285714285715
2024-10-16,30725400,19.579999923706055,69.02857142857142
2024-10-17,34393700,19.110000610351562,68.57142857142857
2024-10-18,37416800,18.030000686645508,72.42857142857143
2024-10-21,36439000,18.3700008392334,69.8
2024-10-22,34183800,18.200000762939453,70.37142857142858
2024-10-23,49314600,19.239999771118164,63.2
2024-10-24,34979900,19.079999923706055,62.94285714285714
2024-10-25,47268200,20.329999923706055,58.74285714285715
2024-10-28,30174700,19.799999237060547,60.85714285714287
2024-10-29,42899700,19.34000015258789,60.057142857142864
2024-10-30,41435800,20.350000381469727,57.2
2024-10-31,60182500,23.15999984741211,40.45714285714286
2024-11-01,45667500,21.8799991607666,50.48571428571429
2024-11-04,38217000,21.979999542236328,42.42857142857143
2024-11-05,39478300,20.489999771118164,43.54285714285715
2024-11-06,68182000,16.270000457763672,44.0
2024-11-07,47233200,15.199999809265137,59.05714285714286
2024-11-08,46444900,14.9399995803833,59.42857142857144
2024-11-11,37586800,14.970000267028809,66.6
2024-11-12,43006100,14.710000038146973,66.71428571428571
2024-11-13,47388600,14.020000457763672,66.31428571428572
2024-11-14,38904100,14.3100004196167,60.31428571428573
2024-11-15,75988800,16.139999389648438,51.2
2024-11-18,37084100,15.579999923706055,50.285714285714285
2024-11-19,49412000,16.350000381469727,49.51428571428572
2024-11-20,50032600,17.15999984741211,49.51428571428572
2024-11-21,46750300,16.8700008392334,56.60000000000001
2024-11-22,38226400,15.239999771118164,60.71428571428572
2024-11-25,42441400,14.600000381469727,62.88571428571429
2024-11-26,45621300,14.100000381469727,65.91428571428573
2024-11-27,34000200,14.100000381469727,64.4
2024-11-29,30177400,13.510000228881836,65.0
2024-12-02,31746000,13.34000015258789,65.31428571428572
2024-12-03,26906600,13.300000190734863,59.57142857142858
2024-12-04,42787600,13.449999809265137,57.48571428571429
2024-12-05,28762200,13.539999961853027,54.91428571428572
2024-12-06,31241500,12.770000457763672,52.142857142857146
2024-12-09,34742700,14.1899995803833,49.25714285714287
2024-12-10,37234500,14.180000305175781,46.971428571428575
2024-12-11,28677700,13.579999923706055,49.2
2024-12-12,31543800,13.920000076293945,47.114285714285714
2024-12-13,35904700,13.8100004196167,49.114285714285714
2024-12-16,43695200,14.6899995803833,56.057142857142864
2024-12-17,55773500,15.869999885559082,51.4
2024-12-18,108248700,27.6200008392334,33.12857142857143
2024-12-19,85919500,24.09000015258789,19.51428571428572
2024-12-20,125716700,18.360000610351562,27.600000000000005
2024-12-23,57635800,16.780000686645508,30.142857142857142
2024-12-24,33160100,14.270000457763672,34.51428571428571
2024-12-26,41219100,14.729999542236328,34.17142857142857
2024-12-27,64969300,15.949999809265137,33.82857142857143
2024-12-30,56578800,17.399999618530273,28.6
2024-12-31,57052700,17.350000381469727,26.314285714285717
